Time [s],crank,cam
0.000000000,1,1
0.000396250,1,0
0.002146000,1,1
0.004980917,0,1
0.005284750,1,1
0.010961000,0,1
0.011265500,1,1
0.020315667,0,1
0.020613583,1,1
0.026229333,0,1
0.026525750,1,1
0.029422667,1,0
0.032781750,1,1
0.035632250,0,1
0.035937417,1,1
0.041705917,0,1
0.042017583,1,1
0.051186167,0,1
0.051490167,1,1
0.056667667,1,0
0.057164833,0,0
0.057463667,1,0
0.059888750,1,1
0.061915583,1,0
0.063665250,1,1
0.066500333,0,1
0.066806500,1,1
0.072429167,0,1
0.072728667,1,1
0.081699333,0,1
0.081998750,1,1
0.087573583,0,1
0.087865417,1,1
0.090779333,1,0
0.094014167,1,1
0.096895833,0,1
0.097202583,1,1
0.102923167,0,1
0.103227583,1,1
0.112330333,0,1
0.112631583,1,1
0.117689250,1,0
0.118260417,0,0
0.118561750,1,0
0.120943333,1,1
0.122932667,1,0
0.124652750,1,1
0.127547917,0,1
0.127842000,1,1
0.133429250,0,1
0.133723000,1,1
0.142622333,0,1
0.142917833,1,1
0.148450917,0,1
0.148744333,1,1
0.151518833,1,0
0.154833000,1,1
0.157714000,0,1
0.158016667,1,1
0.163696333,0,1
0.163996750,1,1
0.173027250,0,1
0.173329917,1,1
0.178344583,1,0
0.178923083,0,0
0.179220917,1,0
0.181575833,1,1
0.183542083,1,0
0.185262917,1,1
0.188170250,0,1
0.188471833,1,1
0.194035667,0,1
0.194331083,1,1
0.203203833,0,1
0.203502583,1,1
0.209016917,0,1
0.209312917,1,1
0.212082000,1,0
0.215348083,1,1
0.218247667,0,1
0.218557250,1,1
0.224210417,0,1
0.224512667,1,1
0.233523333,0,1
0.233818167,1,1
0.238788500,1,0
0.239397083,0,0
0.239693833,1,0
0.242007833,1,1
0.243965417,1,0
0.245683667,1,1
0.248594833,0,1
0.248891583,1,1
0.254426167,0,1
0.254717667,1,1
0.263552833,0,1
0.263845167,1,1
0.269339167,0,1
0.269632833,1,1
0.272349500,1,0
0.275629583,1,1
0.278536917,0,1
0.278837250,1,1
0.284467667,0,1
0.284767000,1,1
0.293745583,0,1
0.294039250,1,1
0.298918917,1,0
0.299597667,0,0
0.299893667,1,0
0.302165667,1,1
0.304135417,1,0
0.305841250,1,1
0.308761583,0,1
0.309057417,1,1
0.314568417,0,1
0.314860250,1,1
0.323662083,0,1
0.323958000,1,1
0.329434917,0,1
0.329727917,1,1
0.332422917,1,0
0.335694750,1,1
0.338598167,0,1
0.338898333,1,1
0.344504500,0,1
0.344806750,1,1
0.353743250,0,1
0.354038500,1,1
0.358965167,1,0
0.359577750,0,0
0.359872583,1,0
0.362135500,1,1
0.364106750,1,0
0.365815250,1,1
0.368706917,0,1
0.368999750,1,1
0.374490667,0,1
0.374781167,1,1
0.383546167,0,1
0.383839500,1,1
0.389295667,0,1
0.389584000,1,1
0.392285750,1,0
0.395543417,1,1
0.398412250,0,1
0.398711083,1,1
0.404292667,0,1
0.404593833,1,1
0.413497750,0,1
0.413790500,1,1
0.418651833,1,0
0.419308083,0,0
0.419601667,1,0
0.421858083,1,1
0.423829750,1,0
0.425518917,1,1
0.428399917,0,1
0.428690000,1,1
0.434160583,0,1
0.434447417,1,1
0.443186167,0,1
0.443477083,1,1
0.448913667,0,1
0.449201667,1,1
0.451868917,1,0
0.455138917,1,1
0.457997000,0,1
0.458294833,1,1
0.463859500,0,1
0.464156250,1,1
0.473027250,0,1
0.473323167,1,1
0.478142250,1,0
0.478822167,0,0
0.479113500,1,0
0.481360750,1,1
0.483301583,1,0
0.484987417,1,1
0.487883250,0,1
0.488177000,1,1
0.493632583,0,1
0.493920750,1,1
0.502652667,0,1
0.502941167,1,1
0.508372500,0,1
0.508658333,1,1
0.511352083,1,0
0.514571083,1,1
0.517448000,0,1
0.517742000,1,1
0.523301583,0,1
0.523596250,1,1
0.532453333,0,1
0.532744250,1,1
0.537599333,1,0
0.538225083,0,0
0.538522750,1,0
0.540766250,1,1
0.542682500,1,0
0.544370583,1,1
0.547288250,0,1
0.547579167,1,1
0.553030000,0,1
0.553320250,1,1
0.562028583,0,1
0.562318333,1,1
0.567736667,0,1
0.568022583,1,1
0.570706083,1,0
0.573928833,1,1
0.576791000,0,1
0.577085583,1,1
0.582628083,0,1
0.582926833,1,1
0.591769833,0,1
0.592060333,1,1
0.596975250,1,0
0.597538667,0,0
0.597828000,1,0
0.600075917,1,1
0.601998000,1,0
0.603678000,1,1
0.606557500,0,1
0.606846583,1,1
0.612277583,0,1
0.612564750,1,1
0.621245167,0,1
0.621537833,1,1
0.626941500,0,1
0.627225750,1,1
0.629788583,1,0
0.633107250,1,1
0.635963167,0,1
0.636264333,1,1
0.641790500,0,1
0.642086917,1,1
0.650906917,0,1
0.651194250,1,1
0.656038750,1,0
0.656656333,0,0
0.656946833,1,0
0.659184417,1,1
0.661099333,1,0
0.662765917,1,1
0.665647083,0,1
0.665939500,1,1
0.671351917,0,1
0.671640083,1,1
0.680299000,0,1
0.680587167,1,1
0.685975583,0,1
0.686258583,1,1
0.688819083,1,0
0.692107583,1,1
0.694980000,0,1
0.695271750,1,1
0.700785333,0,1
0.701075250,1,1
0.709858500,0,1
0.710152583,1,1
0.715027333,1,0
0.715593417,0,0
0.715887167,1,0
0.718135000,1,1
0.720044917,1,0
0.721701667,1,1
0.724572833,0,1
0.724862583,1,1
0.730268000,0,1
0.730553750,1,1
0.739196667,0,1
0.739481250,1,1
0.744854000,0,1
0.745139833,1,1
0.747832917,1,0
0.751013417,1,1
0.753837667,0,1
0.754128833,1,1
0.759623917,0,1
0.759918583,1,1
0.768687250,0,1
0.768975833,1,1
0.773906167,1,0
0.774407000,0,0
0.774695000,1,0
0.776981917,1,1
0.778864333,1,0
0.780509250,1,1
0.783349750,0,1
0.783636750,1,1
0.789023583,0,1
0.789306667,1,1
0.797911250,0,1
0.798197083,1,1
0.803542833,0,1
0.803833167,1,1
0.806518833,1,0
0.809675250,1,1
0.812496250,0,1
0.812786583,1,1
0.818264583,0,1
0.818554917,1,1
0.827283000,0,1
0.827574500,1,1
0.832469583,1,0
0.832981250,0,0
0.833270917,1,0
0.835551000,1,1
0.837421750,1,0
0.839062583,1,1
0.841896833,0,1
0.842185417,1,1
0.847556083,0,1
0.847838750,1,1
0.856411500,0,1
0.856700250,1,1
0.862035083,0,1
0.862317250,1,1
0.865005167,1,0
0.868135667,1,1
0.870957083,0,1
0.871243667,1,1
0.876702000,0,1
0.876995583,1,1
0.885690417,0,1
0.885986083,1,1
0.890915417,1,0
0.891377083,0,0
0.891663167,1,0
0.893944417,1,1
0.895805000,1,0
0.897438000,1,1
0.900256417,0,1
0.900544000,1,1
0.905893500,0,1
0.906178333,1,1
0.914715167,0,1
0.914999667,1,1
0.920316417,0,1
0.920593833,1,1
0.923297750,1,0
0.926428167,1,1
0.929192500,0,1
0.929486833,1,1
0.934922583,0,1
0.935215750,1,1
0.943876583,0,1
0.944171333,1,1
0.949140083,1,0
0.949540833,0,0
0.949826667,1,0
0.952131583,1,1
0.954001500,1,0
0.955620917,1,1
0.958409917,0,1
0.958698833,1,1
0.964039250,0,1
0.964323333,1,1
0.972846667,0,1
0.973135917,1,1
0.978440500,0,1
0.978720583,1,1
0.981447583,1,0
0.984538667,1,1
0.987312250,0,1
0.987602000,1,1
0.993035333,0,1
0.993321417,1,1
1.001973750,0,1
1.002258417,1,1
1.007168667,1,0
1.007623750,0,0
1.007906000,1,0
1.010223417,1,1
1.012063917,1,0
1.013682417,1,1
1.016471750,0,1
1.016754667,1,1
1.022084083,0,1
1.022362750,1,1
1.030867417,0,1
1.031152083,1,1
1.036446083,0,1
1.036726333,1,1
1.039432000,1,0
1.042533417,1,1
1.045306667,0,1
1.045590750,1,1
1.051007583,0,1
1.051297167,1,1
1.059926917,0,1
1.060212750,1,1
1.065153667,1,0
1.065563083,0,0
1.065849917,1,0
1.068168417,1,1
1.070005917,1,0
1.071622167,1,1
1.074399667,0,1
1.074681500,1,1
1.079995833,0,1
1.080277250,1,1
1.088766250,0,1
1.089049167,1,1
1.094335000,0,1
1.094614667,1,1
1.097332583,1,0
1.100440083,1,1
1.103171917,0,1
1.103462167,1,1
1.108867583,0,1
1.109155500,1,1
1.117771917,0,1
1.118056250,1,1
1.123012083,1,0
1.123403083,0,0
1.123687583,1,0
1.126023000,1,1
1.127867083,1,0
1.129485583,1,1
1.132226500,0,1
1.132510167,1,1
1.137818167,0,1
1.138097250,1,1
1.146576750,0,1
1.146859000,1,1
1.152137333,0,1
1.152419250,1,1
1.155113750,1,0
1.158249750,1,1
1.160966500,0,1
1.161256000,1,1
1.166654833,0,1
1.166939917,1,1
1.175545417,0,1
1.175833667,1,1
1.180804250,1,0
1.181171750,0,0
1.181454250,1,0
1.183800500,1,1
1.185630417,1,0
1.187231083,1,1
1.189962167,0,1
1.190249250,1,1
1.195543417,0,1
1.195821583,1,1
1.204274250,0,1
1.204556000,1,1
1.209819833,0,1
1.210102417,1,1
1.212838417,1,0
1.215899333,1,1
1.218628083,0,1
1.218912833,1,1
1.224294583,0,1
1.224580583,1,1
1.233162833,0,1
1.233449833,1,1
1.238357000,1,0
1.238779750,0,0
1.239060417,1,0
1.241382667,1,1
1.243200750,1,0
1.244818000,1,1
1.247559417,0,1
1.247838000,1,1
1.253116167,0,1
1.253399250,1,1
1.261849917,0,1
1.262131917,1,1
1.267390250,0,1
1.267672417,1,1
1.270336333,1,0
1.273470417,1,1
1.276183750,0,1
1.276471667,1,1
1.281845583,0,1
1.282133167,1,1
1.290706750,0,1
1.290990667,1,1
1.295965167,1,0
1.296315333,0,0
1.296593417,1,0
1.298944583,1,1
1.300752167,1,0
1.302369167,1,1
1.305073000,0,1
1.305349500,1,1
1.310622417,0,1
1.310901583,1,1
1.319329583,0,1
1.319611833,1,1
1.324858417,0,1
1.325139833,1,1
1.327854667,1,0
1.330949000,1,1
1.333636750,0,1
1.333920167,1,1
1.339288333,0,1
1.339568917,1,1
1.348133333,0,1
1.348415917,1,1
1.353398167,1,0
1.353721833,0,0
1.354005583,1,0
1.356352667,1,1
1.358171500,1,0
1.359775917,1,1
1.362468917,0,1
1.362748500,1,1
1.368011417,0,1
1.368291333,1,1
1.376712333,0,1
1.376992750,1,1
1.382233583,0,1
1.382513917,1,1
1.385224167,1,0
1.388328167,1,1
1.390994917,0,1
1.391281750,1,1
1.396638167,0,1
1.396925917,1,1
1.405472667,0,1
1.405755000,1,1
1.410721083,1,0
1.411057000,0,0
1.411338250,1,0
1.413676167,1,1
1.415491083,1,0
1.417094917,1,1
1.419795250,0,1
1.420078917,1,1
1.425338167,0,1
1.425620000,1,1
1.434030500,0,1
1.434309000,1,1
1.439551250,0,1
1.439824833,1,1
1.442535750,1,0
1.445632500,1,1
1.448304500,0,1
1.448585583,1,1
1.453940750,0,1
1.454224667,1,1
1.462765417,0,1
1.463045250,1,1
1.468024750,1,0
1.468340250,0,0
1.468622167,1,0
1.470984167,1,1
1.472786667,1,0
1.474395750,1,1
1.477066083,0,1
1.477347417,1,1
1.482602750,0,1
1.482877917,1,1
1.491274583,0,1
1.491549917,1,1
1.496780667,0,1
1.497054667,1,1
1.499803417,1,0
1.502863000,1,1
1.505514000,0,1
1.505800250,1,1
1.511145500,0,1
1.511427167,1,1
1.519948667,0,1
1.520232000,1,1
1.525170500,1,0
1.525519000,0,0
1.525800500,1,0
1.528189750,1,1
1.529969167,1,0
1.531560583,1,1
1.534235750,0,1
1.534516167,1,1
1.539760083,0,1
1.540041000,1,1
1.548431083,0,1
1.548710750,1,1
1.553939667,0,1
1.554214083,1,1
1.556982167,1,0
1.560017250,1,1
1.562668833,0,1
1.562950750,1,1
1.568291667,0,1
1.568573500,1,1
1.577087667,0,1
1.577374167,1,1
1.582353500,1,0
1.582655167,0,0
1.582937500,1,0
1.585294333,1,1
1.587087333,1,0
1.588693917,1,1
1.591359250,0,1
1.591641083,1,1
1.596881333,0,1
1.597159083,1,1
1.605540000,0,1
1.605815167,1,1
1.611036083,0,1
1.611308417,1,1
1.614026667,1,0
1.617096333,1,1
1.619748750,0,1
1.620031667,1,1
1.625361167,0,1
1.625645000,1,1
1.634149583,0,1
1.634433083,1,1
1.639403167,1,0
1.639708500,0,0
1.639988167,1,0
1.642333500,1,1
1.644132917,1,0
1.645728833,1,1
1.648406500,0,1
1.648684583,1,1
1.653922000,0,1
1.654198667,1,1
1.662576333,0,1
1.662851833,1,1
1.668063417,0,1
1.668341500,1,1
1.671061417,1,0
1.674133250,1,1
1.676773917,0,1
1.677058917,1,1
1.682382833,0,1
1.682668750,1,1
1.691165750,0,1
1.691450333,1,1
1.696391000,1,0
1.696720000,0,0
1.697000833,1,0
1.699346667,1,1
1.701144750,1,0
1.702736167,1,1
1.705409417,0,1
1.705690667,1,1
1.710924500,0,1
1.711202583,1,1
1.719567000,0,1
1.719846750,1,1
1.725051583,0,1
1.725330000,1,1
1.727992417,1,0
1.731106167,1,1
1.733758417,0,1
1.734040167,1,1
1.739362833,0,1
1.739647917,1,1
1.748143000,0,1
1.748421417,1,1
1.753313000,1,0
1.753689583,0,0
1.753966917,1,0
1.756288583,1,1
1.758085500,1,0
1.759670250,1,1
1.762359750,0,1
1.762640833,1,1
1.767869583,0,1
1.768145833,1,1
1.776501083,0,1
1.776780667,1,1
1.781981500,0,1
1.782257250,1,1
1.784945917,1,0
1.788006000,1,1
1.790675417,0,1
1.790959000,1,1
1.796281167,0,1
1.796561000,1,1
1.805040250,0,1
1.805324750,1,1
1.810256083,1,0
1.810585167,0,0
1.810861417,1,0
1.813180250,1,1
1.814974000,1,0
1.816571500,1,1
1.819270667,0,1
1.819551250,1,1
1.824787250,0,1
1.825062750,1,1
1.833426083,0,1
1.833704750,1,1
1.838907750,0,1
1.839185083,1,1
1.841905417,1,0
1.844954167,1,1
1.847611417,0,1
1.847895667,1,1
1.853221333,0,1
1.853501917,1,1
1.861992250,0,1
1.862270000,1,1
1.867201917,1,0
1.867533750,0,0
1.867812250,1,0
1.870152583,1,1
1.871933250,1,0
1.873520000,1,1
1.876207750,0,1
1.876486500,1,1
1.881719583,0,1
1.881991250,1,1
1.890337083,0,1
1.890616250,1,1
1.895814583,0,1
1.896091167,1,1
1.898789333,1,0
1.901855333,1,1
1.904512167,0,1
1.904794500,1,1
1.910116583,0,1
1.910393917,1,1
1.918867333,0,1
1.919148333,1,1
1.924088917,1,0
1.924404750,0,0
1.924685333,1,0
1.927024417,1,1
1.928809750,1,0
1.930394250,1,1
1.933085583,0,1
1.933362917,1,1
1.938591333,0,1
1.938864167,1,1
1.947206583,0,1
1.947483333,1,1
1.952675250,0,1
1.952956000,1,1
1.955666583,1,0
1.958680000,1,1
1.961371000,0,1
1.961655250,1,1
1.966965667,0,1
1.967249583,1,1
1.975717333,0,1
1.975998583,1,1
1.980939167,1,0
1.981256250,0,0
1.981536250,1,0
1.983845583,1,1
1.985641000,1,0
1.987232083,1,1
1.989928500,0,1
1.990205000,1,1
1.995427583,0,1
1.995699917,1,1
2.004032000,0,1
2.004312417,1,1
2.009507167,0,1
2.009784000,1,1
2.012513250,1,0
2.015543917,1,1
2.018189167,0,1
2.018475083,1,1
2.023780500,0,1
2.024064833,1,1
2.032525917,0,1
2.032812833,1,1
2.037781250,1,0
2.038066417,0,0
2.038346250,1,0
2.040709083,1,1
2.042483917,1,0
2.044069000,1,1
2.046730083,0,1
2.047007500,1,1
2.052217167,0,1
2.052497583,1,1
2.060825917,0,1
2.061102500,1,1
2.066293333,0,1
2.066568583,1,1
2.069254833,1,0
2.072318583,1,1
2.074965583,0,1
2.075251917,1,1
2.080552917,0,1
2.080835833,1,1
2.089292167,0,1
2.089575250,1,1
2.094483750,1,0
2.094825417,0,0
2.095103583,1,0
2.097461917,1,1
2.099233417,1,0
2.100802833,1,1
2.103476083,0,1
2.103752667,1,1
2.108960167,0,1
2.109237000,1,1
2.117557917,0,1
2.117838750,1,1
2.123026917,0,1
2.123301750,1,1
2.126047083,1,0
2.129048083,1,1
2.131692500,0,1
2.131973917,1,1
2.137270500,0,1
2.137553417,1,1
2.146001333,0,1
2.146284833,1,1
2.151228333,1,0
2.151523667,0,0
2.151806250,1,0
2.154150167,1,1
2.155926750,1,0
2.157502667,1,1
2.160166583,0,1
2.160443750,1,1
2.165642333,0,1
2.165920833,1,1
2.174234333,0,1
2.174510417,1,1
2.179693917,0,1
2.179965583,1,1
2.182670583,1,0
2.185721417,1,1
2.188344583,0,1
2.188626917,1,1
2.193913167,0,1
2.194198833,1,1
2.202637083,0,1
2.202917833,1,1
2.207864000,1,0
2.208153667,0,0
2.208433833,1,0
2.210808417,1,1
2.212571750,1,0
2.214153417,1,1
2.216796250,0,1
2.217075333,1,1
2.222277167,0,1
2.222551333,1,1
2.230872167,0,1
2.231144167,1,1
2.236320833,0,1
2.236599417,1,1
2.239379000,1,0
2.242350167,1,1
2.244976000,0,1
2.245258417,1,1
2.250551083,0,1
2.250829333,1,1
2.259274417,0,1
2.259549500,1,1
2.264507750,1,0
2.264782000,0,0
2.265063583,1,0
2.267436917,1,1
2.269207333,1,0
2.270776917,1,1
2.273428583,0,1
2.273706917,1,1
2.278905500,0,1
2.279182500,1,1
2.287497500,0,1
2.287775083,1,1
2.292953167,0,1
2.293229083,1,1
2.295912083,1,0
2.298970250,1,1
2.301606417,0,1
2.301889083,1,1
2.307181417,0,1
2.307459083,1,1
2.315898500,0,1
2.316179833,1,1
2.321121667,1,0
2.321414917,0,0
2.321695333,1,0
2.324066000,1,1
2.325826917,1,0
2.327400000,1,1
2.330046583,0,1
2.330324833,1,1
2.335520667,0,1
2.335794083,1,1
2.344101417,0,1
2.344376750,1,1
2.349552667,0,1
2.349825917,1,1
2.352561250,1,0
2.355574917,1,1
2.358194500,0,1
2.358478583,1,1
2.363760333,0,1
2.364043167,1,1
2.372474583,0,1
2.372754500,1,1
2.377712417,1,0
2.377984917,0,0
2.378265417,1,0
2.380637417,1,1
2.382409333,1,0
2.383983000,1,1
2.386604833,0,1
2.386882750,1,1
2.392073167,0,1
2.392348167,1,1
2.400649333,0,1
2.400929667,1,1
2.406100667,0,1
2.406375417,1,1
2.409109333,1,0
2.412131333,1,1
2.414739083,0,1
2.415021333,1,1
2.420298000,0,1
2.420583000,1,1
2.429013333,0,1
2.429290250,1,1
2.434254333,1,0
2.434522833,0,0
2.434797833,1,0
2.437153750,1,1
2.438933333,1,0
2.440500250,1,1
2.443138583,0,1
2.443416583,1,1
2.448604250,0,1
2.448881417,1,1
2.457192750,0,1
2.457464083,1,1
2.462638750,0,1
2.462910333,1,1
2.465592583,1,0
2.468639333,1,1
2.471272667,0,1
2.471554500,1,1
2.476833417,0,1
2.477116250,1,1
2.485544333,0,1
2.485822917,1,1
2.490724333,1,0
2.491052000,0,0
2.491331583,1,0
2.493689417,1,1
2.495441000,1,0
2.497023750,1,1
2.499669500,0,1
2.499948250,1,1
2.505138083,0,1
2.505414500,1,1
2.513720417,0,1
2.513993167,1,1
2.519156250,0,1
2.519436167,1,1
2.522145583,1,0
2.525167750,1,1
2.527798500,0,1
2.528077333,1,1
2.533356833,0,1
2.533638000,1,1
2.542067333,0,1
2.542343833,1,1
2.547322833,1,0
2.547569917,0,0
2.547848167,1,0
2.550217500,1,1
2.551975917,1,0
2.553542833,1,1
2.556185083,0,1
2.556461333,1,1
2.561654000,0,1
2.561925750,1,1
2.570221083,0,1
2.570495750,1,1
2.575660750,0,1
2.575935667,1,1
2.578634583,1,0
2.581665250,1,1
2.584291917,0,1
2.584573583,1,1
2.589851500,0,1
2.590133667,1,1
2.598558917,0,1
2.598834583,1,1
2.603771917,1,0
2.604056917,0,0
2.604333833,1,0
2.606688917,1,1
2.608444000,1,0
2.610010417,1,1
2.612653583,0,1
2.612933250,1,1
2.618120417,0,1
2.618393083,1,1
2.626683333,0,1
2.626957417,1,1
2.632118000,0,1
2.632391000,1,1
2.635118250,1,0
2.638114750,1,1
2.640736500,0,1
2.641020250,1,1
2.646291500,0,1
2.646574250,1,1
2.654986917,0,1
2.655265167,1,1
2.660200167,1,0
2.660483500,0,0
2.660758000,1,0
2.663096833,1,1
2.664861333,1,0
2.666427167,1,1
2.669092250,0,1
2.669366500,1,1
2.674555250,0,1
2.674828500,1,1
2.683121250,0,1
2.683396500,1,1
2.688557750,0,1
2.688832500,1,1
2.691550417,1,0
2.694552667,1,1
2.697187417,0,1
2.697467667,1,1
2.702742417,0,1
2.703024667,1,1
2.711433333,0,1
2.711716250,1,1
2.716687833,1,0
2.716934750,0,0
2.717211750,1,0
2.719578083,1,1
2.721338917,1,0
2.722906333,1,1
2.725542500,0,1
2.725821083,1,1
2.731006333,0,1
2.731282833,1,1
2.739565917,0,1
2.739841000,1,1
2.745005083,0,1
2.745274667,1,1
2.748008583,1,0
2.751017750,1,1
2.753632333,0,1
2.753909500,1,1
2.759183917,0,1
2.759465000,1,1
2.767875917,0,1
2.768153250,1,1
2.773071750,1,0
2.773368833,0,0
2.773647250,1,0
2.776015000,1,1
2.777773167,1,0
2.779331750,1,1
2.781974750,0,1
2.782251583,1,1
2.787434750,0,1
2.787706917,1,1
2.795988083,0,1
2.796260583,1,1
2.801417917,0,1
2.801691667,1,1
2.804435500,1,0
2.807414833,1,1
2.810039417,0,1
2.810319833,1,1
2.815592167,0,1
2.815868000,1,1
2.824271083,0,1
2.824548917,1,1
2.829504167,1,0
2.829759917,0,0
2.830039333,1,0
2.832378417,1,1
2.834140583,1,0
2.835708167,1,1
2.838373167,0,1
2.838644250,1,1
2.843827083,0,1
2.844096833,1,1
2.852379917,0,1
2.852648167,1,1
2.857807167,0,1
2.858078083,1,1
2.860784000,1,0
2.863796083,1,1
2.866425917,0,1
2.866704417,1,1
2.871968667,0,1
2.872251500,1,1
2.880655833,0,1
2.880930500,1,1
2.885855333,1,0
2.886150083,0,0
2.886423250,1,0
2.888775167,1,1
2.890531167,1,0
2.892094167,1,1
2.894749083,0,1
2.895025000,1,1
2.900202500,0,1
2.900475000,1,1
2.908753500,0,1
2.909029583,1,1
2.914187083,0,1
2.914461000,1,1
2.917150167,1,0
2.920198250,1,1
2.922805583,0,1
2.923085917,1,1
2.928358333,0,1
2.928632000,1,1
2.937036333,0,1
2.937312000,1,1
2.942270667,1,0
2.942524917,0,0
2.942805000,1,0
2.945159333,1,1
2.946915667,1,0
2.948475167,1,1
2.951119667,0,1
2.951396083,1,1
2.956572000,0,1
2.956843333,1,1
2.965115167,0,1
2.965388000,1,1
2.970543667,0,1
2.970814250,1,1
2.973452917,1,0
2.976520167,1,1
2.979149333,0,1
2.979429583,1,1
2.984696333,0,1
2.984971500,1,1
2.993363583,0,1
2.993639583,1,1
2.998564083,1,0
2.998847000,0,0
2.999126417,1,0
3.001461917,1,1
3.003217583,1,0
3.004766750,1,1
3.007428750,0,1
3.007706167,1,1
3.012873833,0,1
3.013148500,1,1
3.021406250,0,1
3.021683833,1,1
3.026831250,0,1
3.027104667,1,1
3.029801583,1,0
3.032783667,1,1
3.035434083,0,1
3.035713167,1,1
3.040970083,0,1
3.041249583,1,1
3.049638333,0,1
3.049914667,1,1
3.054844833,1,0
3.055117750,0,0
3.055396167,1,0
3.057731250,1,1
3.059477250,1,0
3.061026500,1,1
3.063697500,0,1
3.063971500,1,1
3.069136833,0,1
3.069410583,1,1
3.077672250,0,1
3.077948417,1,1
3.083096833,0,1
3.083370000,1,1
3.086057083,1,0
3.089073417,1,1
3.091695667,0,1
3.091978583,1,1
3.097232500,0,1
3.097512833,1,1
3.105892167,0,1
3.106174167,1,1
3.111099917,1,0
3.111379667,0,0
3.111655833,1,0
3.114008250,1,1
3.115761000,1,0
3.117308417,1,1
3.119951500,0,1
3.120230500,1,1
3.125391750,0,1
3.125668417,1,1
3.133929083,0,1
3.134201250,1,1
3.139341833,0,1
3.139620167,1,1
3.142341417,1,0
3.145327667,1,1
3.147942333,0,1
3.147959500,1,1
3.147959583,0,1
3.148223750,1,1
3.153473250,0,1
3.153754750,1,1
3.162144500,0,1
3.162418667,1,1
3.167351167,1,0
3.167617417,0,0
3.167898333,1,0
3.170249583,1,1
3.171994833,1,0
3.173558083,1,1
3.176198917,0,1
3.176477833,1,1
3.181640500,0,1
3.181915917,1,1
3.190175917,0,1
3.190450083,1,1
3.195592250,0,1
3.195869417,1,1
3.198589167,1,0
3.201554083,1,1
3.204191333,0,1
3.204470917,1,1
3.209724167,0,1
3.210002750,1,1
3.218384250,0,1
3.218661750,1,1
3.223612500,1,0
3.223866750,0,0
3.224140667,1,0
3.226473000,1,1
3.228229417,1,0
3.229783833,1,1
3.232446917,0,1
3.232719750,1,1
3.237882417,0,1
3.238159167,1,1
3.246413583,0,1
3.246688417,1,1
3.251831583,0,1
3.252109250,1,1
3.254820333,1,0
3.257805083,1,1
3.260426750,0,1
3.260710083,1,1
3.265961333,0,1
3.266240250,1,1
3.274625083,0,1
3.274902583,1,1
3.279837833,1,0
3.280100833,0,0
3.280380667,1,0
3.282736333,1,1
3.284483833,1,0
3.286033000,1,1
3.288671500,0,1
3.288950833,1,1
3.294115167,0,1
3.294384917,1,1
3.302641667,0,1
3.302914667,1,1
3.308059500,0,1
3.308331750,1,1
3.310999333,1,0
3.314020917,1,1
3.316644333,0,1
3.316926167,1,1
3.322171917,0,1
3.322455750,1,1
3.330836917,0,1
3.331111250,1,1
3.336049000,1,0
3.336303250,0,0
3.336585917,1,0
3.338936500,1,1
3.340677417,1,0
3.342222500,1,1
3.344882167,0,1
3.345155583,1,1
3.350313750,0,1
3.350589250,1,1
3.358847250,0,1
3.359118750,1,1
3.364261333,0,1
3.364532250,1,1
3.367222667,1,0
3.370203583,1,1
3.372843583,0,1
3.373122667,1,1
3.378368500,0,1
3.378651250,1,1
3.387029083,0,1
3.387305917,1,1
3.392227417,1,0
3.392498250,0,0
3.392777167,1,0
3.395103167,1,1
3.396852500,1,0
3.398402500,1,1
3.401067000,0,1
3.401344833,1,1
3.406503167,0,1
3.406779833,1,1
3.415034750,0,1
3.415305333,1,1
3.420444750,0,1
3.420715167,1,1
3.423396000,1,0
3.426383083,1,1
3.429019583,0,1
3.429302833,1,1
3.434550833,0,1
3.434830833,1,1
3.443210583,0,1
3.443485917,1,1
3.448419083,1,0
3.448680750,0,0
3.448956667,1,0
3.451302250,1,1
3.453055000,1,0
3.454587167,1,1
3.457238167,0,1
3.457240250,1,1
3.457240333,0,1
3.457515750,1,1
3.462675583,0,1
3.462948083,1,1
3.471192417,0,1
3.471468333,1,1
3.476598000,0,1
3.476873583,1,1
3.479538833,1,0
3.482551583,1,1
3.485181500,0,1
3.485458500,1,1
3.490705417,0,1
3.490983750,1,1
3.499350583,0,1
3.499628083,1,1
3.504507417,1,0
3.504819417,0,0
3.505093583,1,0
3.507438917,1,1
3.509183833,1,0
3.510721667,1,1
3.513373500,0,1
3.513431333,1,1
3.513431417,0,1
3.513645250,1,1
3.518799000,0,1
3.519073083,1,1
3.527314333,0,1
3.527587167,1,1
3.532713917,0,1
3.532988167,1,1
3.535696417,1,0
3.538654000,1,1
3.541290750,0,1
3.541515083,1,1
3.541515167,0,1
3.541568917,1,1
3.546812333,0,1
3.547089833,1,1
3.555449833,0,1
3.555726667,1,1
3.560653750,1,0
3.560911833,0,0
3.561188083,1,0
3.563518917,1,1
3.565265250,1,0
3.566814000,1,1
3.569469083,0,1
3.569746500,1,1
3.574902000,0,1
3.575173750,1,1
3.583409083,0,1
3.583682750,1,1
3.588813083,0,1
3.589083750,1,1
3.591782917,1,0
3.594749583,1,1
3.597381417,0,1
3.597646500,1,1
3.597646583,0,1
3.597664750,1,1
3.602906000,0,1
3.603183500,1,1
3.611542083,0,1
3.611818000,1,1
3.616738000,1,0
3.617006917,0,0
3.617279333,1,0
3.619637167,1,1
3.621375667,1,0
3.622918083,1,1
3.625555667,0,1
3.625828500,1,1
3.630980750,0,1
3.631253167,1,1
3.639477667,0,1
3.639753500,1,1
3.644876833,0,1
3.645151333,1,1
3.647905250,1,0
3.650831083,1,1
3.653448083,0,1
3.653725500,1,1
3.658965083,0,1
3.659241083,1,1
3.667590417,0,1
3.667866167,1,1
3.672796500,1,0
3.673050000,0,0
3.673322667,1,0
3.675666417,1,1
3.677419250,1,0
3.678971083,1,1
3.681588000,0,1
3.681788083,1,1
3.681788167,0,1
3.681865583,1,1
3.687013417,0,1
3.687282250,1,1
3.695500583,0,1
3.695774250,1,1
3.700897417,0,1
3.701167917,1,1
3.703845250,1,0
3.706830833,1,1
3.709453417,0,1
3.709734583,1,1
3.714964083,0,1
3.715241083,1,1
3.723580250,0,1
3.723858000,1,1
3.728794500,1,0
3.729033917,0,0
3.729310833,1,0
3.731649833,1,1
3.733385917,1,0
3.734927417,1,1
3.737574917,0,1
3.737847333,1,1
3.742988333,0,1
3.743261417,1,1
3.751476500,0,1
3.751747333,1,1
3.756867083,0,1
3.757138583,1,1
3.759829833,1,0
3.762805500,1,1
3.765424417,0,1
3.765702000,1,1
3.770931833,0,1
3.771206667,1,1
3.779545750,0,1
3.779821333,1,1
3.784768917,1,0
3.784999667,0,0
3.785271667,1,0
3.787621083,1,1
3.789363750,1,0
3.790902500,1,1
3.793534083,0,1
3.793805667,1,1
3.798944250,0,1
3.799217167,1,1
3.807426167,0,1
3.807701583,1,1
3.812810833,0,1
3.813090750,1,1
3.815814750,1,0
3.818756000,1,1
3.821369750,0,1
3.821647917,1,1
3.826871917,0,1
3.827150750,1,1
3.835484667,0,1
3.835760417,1,1
3.840655917,1,0
3.840933167,0,0
3.841209083,1,0
3.843556750,1,1
3.845287000,1,0
3.846826500,1,1
3.849484750,0,1
3.849758167,1,1
3.854905500,0,1
3.855176250,1,1
3.863396333,0,1
3.863672167,1,1
3.868797167,0,1
3.869067083,1,1
3.871779833,1,0
3.874730417,1,1
3.877355083,0,1
3.877633417,1,1
3.882864167,0,1
3.883141500,1,1
3.891481250,0,1
3.891761583,1,1
3.896694583,1,0
3.896940417,0,0
3.897213667,1,0
3.899543333,1,1
3.901277000,1,0
3.902814083,1,1
3.905473417,0,1
3.905749000,1,1
3.910888083,0,1
3.911159833,1,1
3.919369417,0,1
3.919646250,1,1
3.924765167,0,1
3.925036917,1,1
3.927714667,1,0
3.930693000,1,1
3.933316333,0,1
3.933594667,1,1
3.938826917,0,1
3.939097583,1,1
3.947432500,0,1
3.947712167,1,1
3.952638417,1,0
3.952885750,0,0
3.953159083,1,0
3.955491167,1,1
3.957232500,1,0
3.958788417,1,1
3.961414500,0,1
3.961693250,1,1
3.966833083,0,1
3.967101167,1,1
3.975309250,0,1
3.975583250,1,1
3.980701000,0,1
3.980971667,1,1
3.983653667,1,0
3.986639167,1,1
3.989247333,0,1
3.989524333,1,1
3.994747917,0,1
3.995023500,1,1
4.003357083,0,1
4.003630500,1,1
4.008540500,1,0
4.008806417,0,0
4.009077250,1,0
4.011413167,1,1
4.013144583,1,0
4.014681917,1,1
4.017321750,0,1
4.017594417,1,1
4.022724167,0,1
4.022995667,1,1
4.031200583,0,1
4.031470417,1,1
4.036584583,0,1
4.036853083,1,1
4.039545000,1,0
4.042503000,1,1
4.045125333,0,1
4.045398167,1,1
4.050614500,0,1
4.050890750,1,1
4.059215083,0,1
4.059489167,1,1
4.064375333,1,0
4.064653417,0,0
4.064929167,1,0
4.067253417,1,1
4.068977667,1,0
4.070516667,1,1
4.073168500,0,1
4.073444083,1,1
4.078570333,0,1
4.078839833,1,1
4.087039333,0,1
4.087307917,1,1
4.092412250,0,1
4.092685250,1,1
4.095364583,1,0
4.098316083,1,1
4.100943833,0,1
4.101220083,1,1
4.106428833,0,1
4.106705917,1,1
4.115021333,0,1
4.115296833,1,1
4.120184917,1,0
4.120459500,0,0
4.120733667,1,0
4.123049083,1,1
4.124783917,1,0
4.126320500,1,1
4.128960833,0,1
4.129235000,1,1
4.134359333,0,1
4.134627417,1,1
4.142819083,0,1
4.143090583,1,1
4.148196917,0,1
4.148464083,1,1
4.151137250,1,0
4.154107083,1,1
4.156709083,0,1
4.156990417,1,1
4.162199083,0,1
4.162472917,1,1
4.170784083,0,1
4.171062750,1,1
4.176017667,1,0
4.176220167,0,0
4.176494500,1,0
4.178838750,1,1
4.180564417,1,0
4.182100667,1,1
4.184713667,0,1
4.184989583,1,1
4.190110667,0,1
4.190378667,1,1
4.198567000,0,1
4.198837667,1,1
4.203935750,0,1
4.204207167,1,1
4.206938083,1,0
4.209857417,1,1
4.212452583,0,1
4.212727000,1,1
4.217932583,0,1
4.218206083,1,1
4.226508000,0,1
4.226786583,1,1
4.231649417,1,0
4.231939417,0,0
4.232212917,1,0
4.234553667,1,1
4.236282250,1,0
4.237797083,1,1
4.240427833,0,1
4.240705333,1,1
4.245824667,0,1
4.246092667,1,1
4.254278500,0,1
4.254549083,1,1
4.259645500,0,1
4.259913333,1,1
4.262610500,1,0
4.265537500,1,1
4.268149750,0,1
4.268427333,1,1
4.273626583,0,1
4.273905917,1,1
4.282203333,0,1
4.282483000,1,1
4.287361333,1,0
4.287631167,0,0
4.287903917,1,0
4.290238083,1,1
4.291960833,1,0
4.293491250,1,1
4.296106583,0,1
4.296381667,1,1
4.301492417,0,1
4.301764667,1,1
4.309933917,0,1
4.310207167,1,1
4.315298667,0,1
4.315566083,1,1
4.318277417,1,0
4.321209167,1,1
4.323795417,0,1
4.324073750,1,1
4.329270083,0,1
4.329547333,1,1
4.337841167,0,1
4.338113500,1,1
4.342987667,1,0
4.343253500,0,0
4.343529083,1,0
4.345875500,1,1
4.347595667,1,0
4.349119333,1,1
4.351746833,0,1
4.352020333,1,1
4.357131167,0,1
4.357405083,1,1
4.365577833,0,1
4.365851667,1,1
4.370940500,0,1
4.371210000,1,1
4.373939917,1,0
4.376847917,1,1
4.379439750,0,1
4.379720167,1,1
4.384915917,0,1
4.385195000,1,1
4.393487250,0,1
4.393759833,1,1
4.398656667,1,0
4.398901583,0,0
4.399175750,1,0
4.401511583,1,1
4.403230917,1,0
4.404749083,1,1
4.407385500,0,1
4.407655750,1,1
4.412771417,0,1
4.413035917,1,1
4.421198833,0,1
4.421470667,1,1
4.426557417,0,1
4.426825167,1,1
4.429535500,1,0
4.432452083,1,1
4.435053500,0,1
4.435329583,1,1
4.440523667,0,1
4.440798500,1,1
4.449075667,0,1
4.449357333,1,1
4.454254667,1,0
4.454491083,0,0
4.454769500,1,0
4.457104917,1,1
4.458823167,1,0
4.460342833,1,1
4.462976167,0,1
4.463248500,1,1
4.468359000,0,1
4.468626000,1,1
4.476790333,0,1
4.477054917,1,1
4.482134083,0,1
4.482406750,1,1
4.485096333,1,0
4.488038167,1,1
4.490627250,0,1
4.490905417,1,1
4.496100917,0,1
4.496372167,1,1
4.504647583,0,1
4.504920500,1,1
4.509869667,1,0
4.510057667,0,0
4.510329167,1,0
4.512669500,1,1
4.514386917,1,0
4.515912000,1,1
4.518518833,0,1
4.518793750,1,1
4.523888083,0,1
4.524160667,1,1
4.532306583,0,1
4.532580083,1,1
4.537661250,0,1
4.537926750,1,1
4.540610583,1,0
4.543548833,1,1
4.546135250,0,1
4.546414750,1,1
4.551599750,0,1
4.551871417,1,1
4.560134500,0,1
4.560411917,1,1
4.565295750,1,0
4.565542333,0,0
4.565812583,1,0
4.568138000,1,1
4.569858917,1,0
4.571382167,1,1
4.574002000,0,1
4.574268583,1,1
4.579358167,0,1
4.579630083,1,1
4.587767083,0,1
4.588040417,1,1
4.593114000,0,1
4.593381833,1,1
4.596017667,1,0
4.598981583,1,1
4.601581083,0,1
4.601862083,1,1
4.607038750,0,1
4.607313333,1,1
4.615568667,0,1
4.615845417,1,1
4.620737583,1,0
4.620968167,0,0
4.621242250,1,0
4.623567250,1,1
4.625283167,1,0
4.626805917,1,1
4.629420583,0,1
4.629692500,1,1
4.634779083,0,1
4.635049667,1,1
4.643178500,0,1
4.643451750,1,1
4.648515750,0,1
4.648788083,1,1
4.651507333,1,0
4.654396000,1,1
4.656981167,0,1
4.657257583,1,1
4.662431083,0,1
4.662704333,1,1
4.670953000,0,1
4.671227333,1,1
4.676131417,1,0
4.676347417,0,0
4.676619583,1,0
4.678965500,1,1
4.680676167,1,0
4.682202083,1,1
4.684785417,0,1
4.685060333,1,1
4.690142917,0,1
4.690410333,1,1
4.698533917,0,1
4.698805917,1,1
4.703863833,0,1
4.704135583,1,1
4.706823083,1,0
4.709747917,1,1
4.712320917,0,1
4.712598833,1,1
4.717768333,0,1
4.718039250,1,1
4.726283667,0,1
4.726554417,1,1
4.731418250,1,0
4.731671667,0,0
4.731942750,1,0
4.734276917,1,1
4.735989417,1,0
4.737508750,1,1
4.740105750,0,1
4.740377083,1,1
4.745458250,0,1
4.745726083,1,1
4.753845417,0,1
4.754118750,1,1
4.759178417,0,1
4.759446333,1,1
4.762043750,1,0
4.765054667,1,1
4.767633250,0,1
4.767910667,1,1
4.773074417,0,1
4.773348083,1,1
4.781584083,0,1
4.781858750,1,1
4.786754250,1,0
4.786971000,0,0
4.787245000,1,0
4.789560500,1,1
4.791276583,1,0
4.792790583,1,1
4.795407167,0,1
4.795680000,1,1
4.800758583,0,1
4.801026750,1,1
4.809141250,0,1
4.809412417,1,1
4.814475167,0,1
4.814738000,1,1
4.817403833,1,0
4.820334250,1,1
4.822920083,0,1
4.823194917,1,1
4.828357333,0,1
4.828629167,1,1
4.836865500,0,1
4.837137333,1,1
4.841996500,1,0
4.842252833,0,0
4.842523250,1,0
4.844855917,1,1
4.846563000,1,0
4.848083417,1,1
4.850682333,0,1
4.850952833,1,1
4.856023333,0,1
4.856294917,1,1
4.864407917,0,1
4.864676000,1,1
4.869737417,0,1
4.869999333,1,1
4.872653917,1,0
4.875597500,1,1
4.878174833,0,1
4.878449417,1,1
4.883605667,0,1
4.883878417,1,1
4.892105083,0,1
4.892380750,1,1
4.897269750,1,0
4.897485667,0,0
4.897761583,1,0
4.900094083,1,1
4.901797583,1,0
4.903314417,1,1
4.905914750,0,1
4.906185083,1,1
4.911248667,0,1
4.911524417,1,1
4.919633083,0,1
4.919904083,1,1
4.924961000,0,1
4.925227167,1,1
4.927913167,1,0
4.930810833,1,1
4.933401000,0,1
4.933673083,1,1
4.938830167,0,1
4.939100417,1,1
4.947326583,0,1
4.947602250,1,1
4.952431333,1,0
4.952705917,0,0
4.952980833,1,0
4.955291000,1,1
4.957003333,1,0
4.958505250,1,1
4.961118167,0,1
4.961391667,1,1
4.966454500,0,1
4.966726000,1,1
4.974828833,0,1
4.975097333,1,1
4.980149000,0,1
4.980416667,1,1
4.983100333,1,0
4.985996833,1,1
4.988580250,0,1
4.988852833,1,1
4.994003583,0,1
4.994275750,1,1
5.002497750,0,1
5.002770000,1,1
5.007633583,1,0
5.007870833,0,0
5.008144250,1,0
5.010462083,1,1
5.012182917,1,0
5.013693583,1,1
5.016284083,0,1
5.016552667,1,1
5.021619750,0,1
5.021885583,1,1
5.029987500,0,1
5.030256667,1,1
5.035305417,0,1
5.035570250,1,1
5.038242333,1,0
5.041162417,1,1
5.043729750,0,1
5.044001667,1,1
5.049150917,0,1
5.049423083,1,1
5.057645417,0,1
5.057917833,1,1
5.062801417,1,0
5.063018667,0,0
5.063288583,1,0
5.065616583,1,1
5.067323750,1,0
5.068829667,1,1
5.071415000,0,1
5.071685583,1,1
5.076745250,0,1
5.077017083,1,1
5.085112833,0,1
5.085383083,1,1
5.090429417,0,1
5.090693000,1,1
5.093372667,1,0
5.096276750,1,1
5.098844500,0,1
5.099117750,1,1
5.104264917,0,1
5.104537167,1,1
5.112751250,0,1
5.113024667,1,1
5.117896500,1,0
5.118121417,0,0
5.118390500,1,0
5.120690583,1,1
5.122398500,1,0
5.123906333,1,1
5.126510167,0,1
5.126781333,1,1
5.131837167,0,1
5.132109583,1,1
5.140205250,0,1
5.140471833,1,1
5.145515083,0,1
5.145778500,1,1
5.148451083,1,0
5.151347750,1,1
5.153926917,0,1
5.154200583,1,1
5.159346750,0,1
5.159618833,1,1
5.167826083,0,1
5.168100083,1,1
5.172900000,1,0
5.173192167,0,0
5.173462083,1,0
5.175777083,1,1
5.177479167,1,0
5.178990000,1,1
5.181586250,0,1
5.181857000,1,1
5.186911000,0,1
5.187184000,1,1
5.195277167,0,1
5.195543833,1,1
5.200579417,0,1
5.200847500,1,1
5.203514250,1,0
5.206446667,1,1
5.208995917,0,1
5.209270250,1,1
5.214417333,0,1
5.214685833,1,1
5.222894250,0,1
5.223168167,1,1
5.228033000,1,0
5.228259000,0,0
5.228529583,1,0
5.230853167,1,1
5.232562667,1,0
5.234074000,1,1
5.236655667,0,1
5.236925917,1,1
5.241985667,0,1
5.242251333,1,1
5.250341500,0,1
5.250607167,1,1
5.255645500,0,1
5.255909417,1,1
5.258579667,1,0
5.261492250,1,1
5.264057833,0,1
5.264330250,1,1
5.269473167,0,1
5.269746333,1,1
5.277949500,0,1
5.278217417,1,1
5.283001167,1,0
5.283308667,0,0
5.283578833,1,0
5.285891750,1,1
5.287590750,1,0
5.289104250,1,1
5.291709583,0,1
5.291978667,1,1
5.297034250,0,1
5.297305500,1,1
5.305390167,0,1
5.305662833,1,1
5.310703083,0,1
5.310969750,1,1
5.313634833,1,0
5.316533250,1,1
5.319122167,0,1
5.319394250,1,1
5.324537583,0,1
5.324808250,1,1
5.333009083,0,1
5.333285083,1,1
5.338124417,1,0
5.338375750,0,0
5.338647000,1,0
5.340953750,1,1
5.342655417,1,0
5.344165083,1,1
5.346777000,0,1
5.347046917,1,1
5.352108167,0,1
5.352376333,1,1
5.360467583,0,1
5.360735333,1,1
5.365778750,0,1
5.366043750,1,1
5.368663167,1,0
5.371625250,1,1
5.374198917,0,1
5.374473667,1,1
5.379618250,0,1
5.379889333,1,1
5.388097333,0,1
5.388369750,1,1
5.393242417,1,0
5.393463583,0,0
5.393734417,1,0
5.396060167,1,1
5.397755833,1,0
5.399259667,1,1
5.401863333,0,1
5.402134083,1,1
5.407194583,0,1
5.407461917,1,1
5.415558583,0,1
5.415825750,1,1
5.420870167,0,1
5.421134750,1,1
5.423827500,1,0
5.426712917,1,1
5.429290917,0,1
5.429563583,1,1
5.434707667,0,1
5.434981500,1,1
5.443193667,0,1
5.443461750,1,1
5.448313500,1,0
5.448557750,0,0
5.448827667,1,0
5.451130083,1,1
5.452836667,1,0
5.454361333,1,1
5.456958833,0,1
5.457223000,1,1
5.462279500,0,1
5.462550667,1,1
5.470641333,0,1
5.470910500,1,1
5.475949750,0,1
5.476218083,1,1
5.478890000,1,0
5.481778583,1,1
5.484370250,0,1
5.484644833,1,1
5.489789417,0,1
5.490062833,1,1
5.498263750,0,1
5.498540083,1,1
5.503412917,1,0
5.503633333,0,0
5.503904417,1,0
5.506212750,1,1
5.507915167,1,0
5.509417750,1,1
5.512029500,0,1
5.512300250,1,1
5.517361667,0,1
5.517625833,1,1
5.525710167,0,1
5.525980083,1,1
5.531019750,0,1
5.531285500,1,1
5.533951333,1,0
5.536856250,1,1
5.539433000,0,1
5.539708667,1,1
5.544844417,0,1
5.545121833,1,1
5.553320833,0,1
5.553595500,1,1
5.558458500,1,0
5.558683000,0,0
5.558955333,1,0
5.561274917,1,1
5.562978250,1,0
5.564472833,1,1
5.567083833,0,1
5.567353667,1,1
5.572408667,0,1
5.572678583,1,1
5.580762000,0,1
5.581031417,1,1
5.586064333,0,1
5.586335667,1,1
5.589027750,1,0
5.591904167,1,1
5.594484083,0,1
5.594758417,1,1
5.599900750,0,1
5.600169917,1,1
5.608369667,0,1
5.608641250,1,1
5.613507083,1,0
5.613732000,0,0
5.614001917,1,0
5.616319083,1,1
5.618016167,1,0
5.619516750,1,1
5.622133250,0,1
5.622401333,1,1
5.627460333,0,1
5.627726167,1,1
5.635808333,0,1
5.636077500,1,1
5.641117833,0,1
5.641384083,1,1
5.644037667,1,0
5.646944167,1,1
5.649533083,0,1
5.649806333,1,1
5.654946250,0,1
5.655218833,1,1
5.663419417,0,1
5.663688833,1,1
5.668559667,1,0
5.668783500,0,0
5.669051000,1,0
5.671355917,1,1
5.673060417,1,0
5.674560417,1,1
5.677172250,0,1
5.677442583,1,1
5.682496250,0,1
5.682761917,1,1
5.690838417,0,1
5.691107417,1,1
5.696144667,0,1
5.696411167,1,1
5.699102833,1,0
5.701971083,1,1
5.704558667,0,1
5.704827333,1,1
5.709964167,0,1
5.710235333,1,1
5.718431083,0,1
5.718702667,1,1
5.723581833,1,0
5.723784083,0,0
5.724063083,1,0
5.726385500,1,1
5.728099083,1,0
5.729602583,1,1
5.732239917,0,1
5.732514667,1,1
5.737612667,0,1
5.737879500,1,1
5.746021583,0,1
5.746296667,1,1
5.751369583,0,1
5.751640917,1,1
5.754295250,1,0
5.757232917,1,1
5.759840333,0,1
5.760118000,1,1
5.765282750,0,1
5.765562500,1,1
5.773815083,0,1
5.774088500,1,1
5.778947333,1,0
5.779212417,0,0
5.779484500,1,0
5.781816667,1,1
5.783533750,1,0
5.785040333,1,1
5.787656750,0,1
5.787924000,1,1
5.793006250,0,1
5.793274083,1,1
5.801398333,0,1
5.801673167,1,1
5.806740417,0,1
5.807009583,1,1
5.809712167,1,0
5.812598083,1,1
5.815195583,0,1
5.815472667,1,1
5.820637500,0,1
5.820913000,1,1
5.829161000,0,1
5.829435750,1,1
5.834254917,1,0
5.834553333,0,0
5.834826583,1,0
5.837140833,1,1
5.838865083,1,0
5.840374250,1,1
5.842992083,0,1
5.843260250,1,1
5.848338167,0,1
5.848608583,1,1
5.856734083,0,1
5.857003500,1,1
5.862065417,0,1
5.862332833,1,1
5.865026083,1,0
5.867909083,1,1
5.870517333,0,1
5.870788167,1,1
5.875953500,0,1
5.876225417,1,1
5.884471667,0,1
5.884739500,1,1
5.889643167,1,0
5.889857750,0,0
5.890125833,1,0
5.892467333,1,1
5.894176917,1,0
5.895669667,1,1
5.898284333,0,1
5.898551167,1,1
5.903626417,0,1
5.903895917,1,1
5.912015333,0,1
5.912285333,1,1
5.917337250,0,1
5.917608750,1,1
5.920292500,1,0
5.923197333,1,1
5.925783000,0,1
5.926056000,1,1
5.931216917,0,1
5.931489000,1,1
5.939724083,0,1
5.939996083,1,1
5.944882333,1,0
5.945103333,0,0
5.945375000,1,0
5.947709583,1,1
5.949414333,1,0
5.950914500,1,1
5.953518000,0,1
5.953788333,1,1
5.958856250,0,1
5.959127833,1,1
5.967237083,0,1
5.967504500,1,1
5.972552417,0,1
5.972819250,1,1
5.975473083,1,0
5.978395417,1,1
5.980982833,0,1
5.981258167,1,1
5.986409250,0,1
5.986683417,1,1
5.994909333,0,1
5.995180583,1,1
6.000085000,1,0
6.000283333,0,0
6.000551417,1,0
6.002868250,1,1
6.004584750,1,0
6.006081583,1,1
6.008700250,0,1
6.008973667,1,1
6.014047000,0,1
6.014315333,1,1
6.022425833,0,1
6.022697333,1,1
6.027745917,0,1
6.028014250,1,1
6.030709667,1,0
6.033602250,1,1
6.036181083,0,1
6.036455833,1,1
6.041615667,0,1
6.041883917,1,1
6.050109417,0,1
6.050383000,1,1
6.055238750,1,0
6.055481667,0,0
6.055754917,1,0
6.058097083,1,1
6.059802250,1,0
6.061290917,1,1
6.063899333,0,1
6.064162667,1,1
6.069227500,0,1
6.069497417,1,1
6.077598667,0,1
6.077863250,1,1
6.082905167,0,1
6.083173583,1,1
6.085872917,1,0
6.088755250,1,1
6.091328750,0,1
6.091604250,1,1
6.096750917,0,1
6.097025917,1,1
6.105236417,0,1
6.105509083,1,1
6.110393917,1,0
6.110606000,0,0
6.110875750,1,0
6.113218583,1,1
6.114912833,1,0
6.116010667,1,0
